
-- drop database user if exists 
DROP USER IF EXISTS 'bacchus_user'@'localhost';

-- create bacchus_user and grant them all privileges to the bacchus database 
CREATE USER 'bacchus_user'@'localhost' IDENTIFIED WITH mysql_native_password BY 'gamma';

-- grant all privileges to the bacchus database to user movies_user on localhost 
GRANT ALL PRIVILEGES ON bacchus.* TO 'bacchus_user'@'localhost';

-- drop tables if they are present (special note, this order matters, you must drop child tables before dropping parent tables or errors occur)
DROP TABLE IF EXISTS supply_order_details; -- DONE & removed spaces in table names
DROP TABLE IF EXISTS supply_order; -- DONE & removed spaces in table names
DROP TABLE IF EXISTS supplies; -- DONE
DROP TABLE IF EXISTS supplier; -- DONE
DROP TABLE IF EXISTS wine_order_details; -- DONE & removed spaces in table names
DROP TABLE IF EXISTS wine_order; -- DONE & removed spaces in table names
DROP TABLE IF EXISTS distributor; -- DONE
DROP TABLE IF EXISTS wine; -- DONE  & wine is now a parent table to distributor so it must be dropped after distributor is
DROP TABLE IF EXISTS timecards; -- DONE
DROP TABLE IF EXISTS employees; -- DONE

-- create the Supplier table 
CREATE TABLE supplier (
    supplier_id     	INT      	NOT NULL        AUTO_INCREMENT,
    supplier_name  		VARCHAR(75) NOT NULL, -- Changed company_name to supplier_name to keep same format as Distributor table
	street_address   	VARCHAR(75) NOT NULL,
    city			   	VARCHAR(75) NOT NULL,
    state			   	VARCHAR(75) NOT NULL,
	country				VARCHAR(75) NOT NULL,	
	zip_code			INT     	NOT NULL,	
	contact_first_name	VARCHAR(75) NOT NULL,	
	contact_last_name	VARCHAR(75) NOT NULL,	
	phone_number		VARCHAR(75) NOT NULL,	
	email_address		VARCHAR(75) NOT NULL,	
	
    PRIMARY KEY(supplier_id)
); 

-- create the Supplies table and set the foreign key
CREATE TABLE supplies (
    supply_id     		INT			NOT NULL        AUTO_INCREMENT,
    item_name			VARCHAR(75) NOT NULL,	
	item_description	VARCHAR(75) NOT NULL,	
	units_on_hand		INT			NOT NULL,	
	supplier_id			INT     	NOT NULL,	
	
    PRIMARY KEY (supply_id),
	
	CONSTRAINT fk_supplier_supplies -- Can't have duplicate constraints accross an entire database
    FOREIGN KEY(supplier_id)
        REFERENCES supplier(supplier_id)
); 

-- create the Supply Order table and set the foreign key
CREATE TABLE supply_order (
    supply_order_id     	INT     NOT NULL        AUTO_INCREMENT,
    total_cost				FLOAT  	NOT NULL, -- Changed INT to FLOAT
	order_date				DATE  	NOT NULL, -- Changed INT to DATE
	tracking_number			INT     NOT NULL,
	estimated_delivery_date	DATE	NULL, -- Changed INT to DATE 
	actual_delivery_date	DATE	NULL, -- Changed INT to DATE
	supplier_id     		INT  	NOT NULL,
		
	PRIMARY KEY(supply_order_id),
	
	CONSTRAINT fk_supplier_order -- Can't have duplicate constraints accross an entire database
    FOREIGN KEY(supplier_id)
        REFERENCES supplier(supplier_id)
);

-- create the Supply Order Details table and set the foreign keys
CREATE TABLE supply_order_details(
    supply_order_details_id	INT     NOT NULL        AUTO_INCREMENT,
    units_ordered			INT    	NOT NULL,	
	unit_price				FLOAT  	NOT NULL,	-- Changed INT to FLOAT, and name from unit_cost to unit_price to show it is a duplicate entry with Supplies table
	supply_order_id			INT		NOT NULL,
    supply_id				INT     NOT NULL,   -- Changed supply_id to appear last in the table. Previously supply_order_id appeared last	
     
    PRIMARY KEY (supply_order_details_id),
	
	CONSTRAINT fk_supplies
    FOREIGN KEY (supply_id)
        REFERENCES supplies(supply_id),
		
	CONSTRAINT fk_supply_order
    FOREIGN KEY (supply_order_id)
        REFERENCES supply_order(supply_order_id)
); 

-- create the Wine table 
CREATE TABLE wine (
    wine_id     		INT         NOT NULL        AUTO_INCREMENT,
    wine_name   		VARCHAR(75) NOT NULL,
    wine_description	VARCHAR(75)	NOT NULL,
	units_on_hand   	INT     	NOT NULL,
	cost_per_unit		FLOAT    	NOT NULL, -- I'm assuming this is the "base cost" of Bacchus producing the bottle of wine, maybe change to production_cost
	
    PRIMARY KEY(wine_id)
); 
 
-- create the Distributor table 
CREATE TABLE distributor (
    distributor_id     	INT         NOT NULL        AUTO_INCREMENT,
    distributor_name	VARCHAR(75) NOT NULL,
	street_address   	VARCHAR(75) NOT NULL,
	city				VARCHAR(75) NOT NULL,
    state				VARCHAR(75) NOT NULL,
    country				VARCHAR(75) NOT NULL,	
	zip_code			INT     	NOT NULL,	
	contact_first_name	VARCHAR(75) NOT NULL,	
	contact_last_name	VARCHAR(75) NOT NULL,	
	phone_number		VARCHAR(75) NOT NULL,	
	email_address		VARCHAR(75) NOT NULL,
	wine_id				INT			NOT NULL,
	
    PRIMARY KEY(distributor_id),
    
    CONSTRAINT fk_wine_distributor -- Can't have duplicate constraints accross an entire database
    FOREIGN KEY(wine_id)
		REFERENCES wine(wine_id)
); 

-- create the Wine Order table and set the foreign key
CREATE TABLE wine_order(
    wine_order_id     		INT     NOT NULL        AUTO_INCREMENT,
    total_cost				FLOAT  	NOT NULL, -- Changed INT to FLOAT
	order_date				DATE  	NOT NULL, -- Changed INT to DATE
	tracking_number			INT     NOT NULL, -- added to mirror feature of Supply Order table
	estimated_delivery_date	DATE	NULL, -- Changed INT to DATE 
	actual_delivery_date	DATE	NULL, -- Changed INT to DATE
	distributor_id     		INT	    NOT NULL, 
		
	PRIMARY KEY(wine_order_id),
	
	CONSTRAINT fk_distributor_id
    FOREIGN KEY(distributor_id)
        REFERENCES Distributor(distributor_id)
);

-- create the Wine Order Details table and set the foreign keys
CREATE TABLE wine_order_details(
    wine_order_details_id	INT     NOT NULL        AUTO_INCREMENT,
    units_ordered			INT    	NOT NULL,	
	sales_price				FLOAT  	NOT NULL,	-- Changed INT to FLOAT, and name from unit_cost to sale_price to be able to calculate profits
	wine_order_id			INT		NOT NULL,
    wine_id					INT     NOT NULL,	
     
    PRIMARY KEY(wine_order_details_id),
	
	CONSTRAINT fk_wine_order_details
    FOREIGN KEY(wine_id)
        REFERENCES wine(wine_id),
		
	CONSTRAINT fk_wine_order
    FOREIGN KEY(wine_order_id)
        REFERENCES wine_order(wine_order_id)
); 
 
-- create the Employees table (made quite a few changes)
CREATE TABLE employees (
    employee_id    	INT         NOT NULL        AUTO_INCREMENT,
    first_name		VARCHAR(75) NOT NULL,
	last_name		VARCHAR(75) NOT NULL, 
	date_of_birth	DATE		NOT NULL, -- Added date of birth for Labor Law/HR purposes
	phone_number	VARCHAR(75) NOT NULL,	
	email_address	VARCHAR(75) NOT NULL,	
	street_address  VARCHAR(75) NOT NULL,
	city			VARCHAR(75) NOT NULL,
    state			VARCHAR(75) NOT NULL,
    country			VARCHAR(75) NOT NULL,	
	zip_code		INT     	NOT NULL,	
	hire_date		DATE		NOT NULL, -- Added for seniority, work anniversaries, raise opportunities, 
	job_title		VARCHAR(75) NOT NULL, -- Added because there aren't really departments, but there are job responsibilities
	hourly_wage		FLOAT		NOT NULL, -- Added to calculate how much they get paid from their hours worked, not witholding taxes.
	employee_status	VARCHAR(75)	NOT NULL, -- Added to be able to keep records of past employees (active, retired, terminated)
	
    PRIMARY KEY(employee_id)
); 

-- create the Timecards table and set the foreign key (changing identifiers, removed breaks, and changed data types)
CREATE TABLE timecards (
    timecard_id   				INT     	NOT NULL        AUTO_INCREMENT,
    date_posted					DATE		NOT NULL, -- changed/new
	hours_worked_monthly		INT			NOT NULL, -- changed/new
	pto_hours					INT			NOT NULL, -- changed/new
	unpaid_time_taken			INT			NOT NULL, -- changed/new
    total_hours_worked			INT			NOT NULL,
	employee_id    				INT         NOT NULL,
	
	PRIMARY KEY(timecard_id),
	
	CONSTRAINT fk_employee_id
    FOREIGN KEY(employee_id)
        REFERENCES employees(employee_id)
);


INSERT INTO supplier (supplier_id, supplier_name, street_address, city, state, country, zip_code, contact_first_name, contact_last_name, phone_number, email_address)
    VALUES (10001, 'The Cary Company', '1195 W. Fullerton Ave', 'Houston', 'TX', 'USA', 60101, 'Dan', 'Rostis', '5556296600', 'd.rostis@carycompany.com'),
    (10002, 'Westrock', '1000 Abernathy Road NE', 'Detroit', 'MI', 'USA', 30328, 'Sam', 'Shoemaker', '5554482193', 's.shoemaker@westrock.com'),
    (10003, 'McMASTER-CARR', '600 N County Line Rd', 'Orlando', 'FL', 'USA', 60126, 'Customer', 'Service', '5558330300', 'sales@mcmaster.com');



INSERT INTO supplies (supply_id, item_name, item_description, units_on_hand, supplier_id)
    VALUES (20001, 'grn_botl_750', 'Green Bottle 750ml', 1575, 10001),
    (20002, 'clr_botl_750', 'Clear Bottle 750ml', 1240, 10001),
    (20003, 'wb_corks', 'Wine bottle corks', 7401, 10001),
    (20004, 'bacc_lab_merlo', 'Bacchus Merlot labels', 2000, 10002),
    (20005, 'bacc_lab_caber', 'Bacchus Cabernet labels', 2500, 10002),
    (20006, 'bacc_lab_chabl', 'Bacchus Chablis labels', 7500, 10002),
    (20007, 'bacc_lab_chard', 'Bacchus Chardonnay labels', 1500, 10002),
    (20008, 'bacc_box_merlo', 'Bacchus Merlot boxes', 333, 10002),
    (20009, 'bacc_box_caber', 'Bacchus Cabernet boxes', 417, 10002),
    (20010, 'bacc_box_chabl', 'Bacchus Chablis boxes', 1250, 10002),
    (20011, 'bacc_box_chard', 'Bacchus Chardonnay boxes', 250, 10002),
    (20012, 'vat_500gal_stnlss', '500 gallon stainless steel vat', 1, 10003),
    (20013, 'tubing_1in_x_50ft', '50ft Roll of 1inch food grade tubing', 5, 10003);


INSERT INTO supply_order (supply_order_id, total_cost, order_date, tracking_number, estimated_delivery_date, actual_delivery_date, supplier_id)
    VALUES (40001, 5700, '2022-01-11', 98129, '2022-01-31', '2022-01-31', 10001), 
    (40002, 3480, '2022-01-11', 128392, '2022-01-31', '2022-01-31', 10002), 
    (40003, 12395, '2022-01-11', 12832, '2022-01-31', '2022-01-31', 10003), 
    (40004, 5700, '2022-02-28', 562372, '2022-03-15', '2022-03-15', 10001),
    (40005, 3480, '2022-02-28', 293023, '2022-03-16', '2022-03-15', 10002),
    (40006, 1651, '2022-02-28', 100212, '2022-03-17', '2022-03-17', 10003), 
    (40007, 5700, '2022-06-15', 19191, '2022-07-02', '2022-07-08', 10001),
    (40008, 3480, '2022-06-15', 123492, '2022-07-08', '2022-07-08', 10002),
    (40009, 1651, '2022-06-15', 6834, '2022-07-11', '2022-07-08', 10003),
    (40010, 5700, '2022-09-01', 28191, '2022-09-25', '2022-09-23', 10001),
    (40011, 3480, '2022-09-05', 29232, '2022-09-28', '2022-09-25', 10002),
    (40012, 1651, '2022-09-18', 1234, '2022-10-01', '2022-09-25', 10003),
    (40013, 5700, '2022-11-23', 4314, '2022-12-13', '2022-12-17', 10001),
    (40014, 3480, '2022-11-24', 5465, '2022-12-14', '2022-12-18', 10002),
    (40015, 1651, '2022-11-25', 23423, '2022-12-15', '2022-12-19', 10003),
    (40016, 5700, '2023-01-05', 23423, '2023-01-23', '2023-01-25', 10001),
    (40017, 3480, '2023-01-06', 2346, '2023-01-24', '2023-02-02', 10002),
    (40018, 1651, '2023-01-07', 4532, '2023-01-25', '2023-01-21', 10003);




INSERT INTO supply_order_details (supply_order_details_id, units_ordered, unit_price, supply_order_id, supply_id)
    VALUES (30001, 3000, 0.65, 40001, 20001),
    (30002, 3000, 0.65, 40001, 20002),
    (30003, 6000, 0.3, 40001, 20003),
    (30004, 1500, 0.17, 40002, 20004),
    (30005, 1500, 0.17, 40002, 20005),
    (30006, 1500, 0.17, 40002, 20006),
    (30007, 1500, 0.17, 40002, 20007),
    (30008, 500, 1.23, 40002, 20008),
    (30009, 500, 1.23, 40002, 20009),
    (30010, 500, 1.23, 40002, 20010),
    (30011, 500, 1.23, 40002, 20011),
    (30012, 1, 9093, 40003, 20012),
    (30013, 2, 1651, 40003, 20013),
    (30014, 3000, 0.65, 40004, 20001),
    (30015, 3000, 0.65, 40004, 20002),
    (30016, 6000, 0.3, 40004, 20003),
    (30017, 1500, 0.17, 40005, 20004),
    (30018, 1500, 0.17, 40005, 20005),
    (30019, 1500, 0.17, 40005, 20006),
    (30020, 1500, 0.17, 40005, 20007),
    (30021, 500, 1.23, 40005, 20008),
    (30022, 500, 1.23, 40005, 20009),
    (30023, 500, 1.23, 40005, 20010),
    (30024, 500, 1.23, 40005, 20011),
    (30025, 1, 1651, 40006, 20013),
    (30026, 3000, 0.65, 40007, 20001),
    (30027, 3000, 0.65, 40007, 20002),
    (30028, 6000, 0.3, 40007, 20003),
    (30029, 1500, 0.17, 40008, 20004),
    (30030, 1500, 0.17, 40008, 20005),
    (30031, 1500, 0.17, 40008, 20006),
    (30032, 1500, 0.17, 40008, 20007),
    (30033, 500, 1.23, 40008, 20008),
    (30034, 500, 1.23, 40008, 20009),
    (30035, 500, 1.23, 40008, 20010),
    (30036, 500, 1.23, 40008, 20011),
    (30037, 1, 1651, 40009, 20013),
    (30038, 3000, 0.65, 40010, 20001),
    (30039, 3000, 0.65, 40010, 20002),
    (30040, 6000, 0.3, 40010, 20003),
    (30041, 1500, 0.17, 40011, 20004),
    (30042, 1500, 0.17, 40011, 20005),
    (30043, 1500, 0.17, 40011, 20006),
    (30044, 1500, 0.17, 40011, 20007),
    (30045, 500, 1.23, 40011, 20008),
    (30046, 500, 1.23, 40011, 20009),
    (30047, 500, 1.23, 40011, 20010),
    (30048, 500, 1.23, 40011, 20011),
    (30049, 1, 1651, 40012, 20013),
    (30050, 3000, 0.65, 40013, 20001),
    (30051, 3000, 0.65, 40013, 20002),
    (30052, 6000, 0.3, 40013, 20003),
    (30053, 1500, 0.17, 40014, 20004),
    (30054, 1500, 0.17, 40014, 20005),
    (30055, 1500, 0.17, 40014, 20006),
    (30056, 1500, 0.17, 40014, 20007),
    (30057, 500, 1.23, 40014, 20008),
    (30058, 500, 1.23, 40014, 20009),
    (30059, 500, 1.23, 40014, 20010),
    (30060, 500, 1.23, 40014, 20011),
    (30061, 1, 1651, 40015, 20013),
    (30062, 3000, 0.65, 40016, 20001),
    (30063, 3000, 0.65, 40016, 20002),
    (30064, 6000, 0.3, 40016, 20003),
    (30065, 1500, 0.17, 40017, 20004),
    (30066, 1500, 0.17, 40017, 20005),
    (30067, 1500, 0.17, 40017, 20006),
    (30068, 1500, 0.17, 40017, 20007),
    (30069, 500, 1.23, 40017, 20008),
    (30070, 500, 1.23, 40017, 20009),
    (30071, 500, 1.23, 40017, 20010),
    (30072, 500, 1.23, 40017, 20011),
    (30073, 1, 1651, 40018, 20013);




INSERT INTO wine (wine_id, wine_name, wine_description, units_on_hand, cost_per_unit)
    VALUES (1, 'Merlot', 'red wine with a smooth, medium-bodied flavor profile', 512, 3.25),
    (2, 'Cabernet', 'full-bodied red wine with strong tannins and bold flavors', 317, 3.75),
    (3, 'Chablis', 'white wine that is known for its crisp and refreshing taste', 1254, 4),
    (4, 'Chardonnay', 'full-bodied white wine that often has rich, buttery flavors', 256, 3.5);




INSERT INTO distributor (distributor_id, distributor_name, street_address, city, state, country, zip_code, contact_first_name, contact_last_name, phone_number, email_address, wine_id)
    VALUES (11, 'Merlot Depot', '1239 Harbor Bay Rd', 'Concord', 'NH', 'USA', 95014, 'Dreadpirate', 'Roberts', '5552129456', 'd.roberts@merlotdepot.com', 1),
    (12, 'Cabernet at the Cabaret', '957 Universe Ave', 'Philedelphia', 'PA', 'USA', 70115, 'Flash', 'Gordon', '5558524521', 'f.gordon@cabcab.com', 2),
    (13, 'Surely Chablis', '201 Blue Box Pl', 'Boston', 'MA', 'USA', 12115, 'Doctor', 'Who', '5557847523', 'd.who@surelychablis.com', 3),
    (14, 'Chardonnays R Us', '762 Magic Bus Hwy', 'Hanover', 'VT', 'USA', 90210, 'Miss', 'Frizzle', '5559859685', 'ms.frizzle@chardonnaysrus.com', 4),
    (15, 'Express Liquor', '3242 Lane Tree Rd', 'Sycaruse', 'NY', 'USA', 48392, 'Christian', 'Aguilar', '2815939832', 'c.aguilar@expressliquor.com', 1),
    (16, 'Blue Sky Liquor', '7483 West Gate Dr', 'Columbus', 'OH', 'USA', 34254, 'Jordan', 'Harris', '8327948923', 'j.harris@blueskyliquor.com', 4);



INSERT INTO wine_order (wine_order_id, total_cost, order_date, tracking_number, estimated_delivery_date, actual_delivery_date, distributor_id)
VALUES (70001, 11700, '2022-01-15', 78962478, '2022-02-01', '2022-01-31', 11),
(70002, 13500, '2022-01-16', 78962145, '2022-02-02', '2022-01-31', 12),
(70003, 14400, '2022-01-17', 98745698, '2022-02-03', '2022-02-03', 13),
(70004, 12600, '2022-01-18', 87412333, '2022-02-04', '2022-02-01', 14),
(70005, 11700, '2022-01-19', 43583945, '2022-02-06', '2022-02-06', 15),
(70006, 12600, '2022-01-19', 34368899, '2022-02-06', '2022-02-07', 16),
(70007, 11700, '2022-04-15', 12365410, '2022-05-01', '2022-04-30', 11),
(70008, 13500, '2022-04-16', 10254123, '2022-05-02', '2022-04-28', 12),
(70009, 14400, '2022-04-17', 10258741, '2022-05-03', '2022-04-30', 13),
(70010, 12600, '2022-04-18', 45632554, '2022-05-04', '2022-04-30', 14),
(70011, 11700, '2022-04-19', 89798357, '2022-05-06', '2022-05-06', 15),
(70012, 12600, '2022-04-19', 93049055, '2022-05-06', '2022-05-07', 16),
(70013, 11700, '2022-07-15', 78562145, '2022-08-01', '2022-07-28', 11),
(70014, 13500, '2022-07-16', 98426521, '2022-08-02', '2022-07-29', 12),
(70015, 12600, '2022-07-17', 87412568, '2022-08-03', '2022-07-29', 14),
(70016, 11700, '2022-07-19', 79879584, '2022-08-08', '2022-08-05', 15),
(70017, 12600, '2022-07-19', 83498039, '2022-08-10', '2022-08-09', 16),
(70018, 11700, '2022-10-15', 74158522, '2022-11-01', '2022-11-01', 11),
(70019, 13500, '2022-10-16', 51351914, '2022-11-02', '2022-11-01', 12),
(70020, 14400, '2022-10-17', 61313561, '2022-11-03', '2022-10-28', 13),
(70021, 12600, '2022-10-18', 69191651, '2022-11-04', '2022-11-05', 14),
(70022, 11700, '2022-10-20', 63235266, '2022-11-06', '2022-11-04', 15),
(70023, 12600, '2022-10-21', 23328698, '2022-11-07', '2022-11-07', 16),
(70024, 11700, '2022-11-22', 32131615, '2022-12-01', '2022-12-05', 11),
(70025, 13500, '2022-11-23', 61350606, '2022-12-02', '2022-12-06', 12),
(70026, 14400, '2022-11-24', 98491651, '2022-12-03', '2022-12-02', 13),
(70027, 12600, '2022-11-25', 74132320, '2022-12-04', '2022-12-04', 14),
(70028, 11700, '2022-11-26', 89679765, '2022-12-06', '2022-12-05', 15),
(70029, 12600, '2022-11-27', 65463377, '2022-12-07', '2022-12-07', 16),
(70030, 11700, '2022-12-21', 10620950, '2023-01-03', '2023-01-03', 11),
(70031, 13500, '2022-12-22', 23030605, '2023-01-04', '2023-01-04', 12),
(70032, 14400, '2022-12-23', 65190230, '2023-01-05', '2023-01-03', 13),
(70033, 12600, '2022-12-24', 20330206, '2023-01-06', '2023-01-07', 14),
(70034, 11700, '2022-12-24', 34638624, '2023-01-06', '2023-01-08', 15),
(70035, 12600, '2022-12-26', 56745344, '2023-01-07', '2023-01-11', 16),
(70036, 11700, '2023-02-01', 56103503, '2023-02-15', '2023-02-13', 11),
(70037, 13500, '2023-02-02', 61035610, '2023-02-16', '2023-02-14', 12),
(70038, 12600, '2023-02-03', 98613146, '2023-02-17', '2023-02-15', 14),
(70039, 11700, '2023-02-05', 43624265, '2023-02-18', '2023-02-17', 15),
(70040, 12600, '2023-02-09', 79234795, '2023-02-19', '2023-02-19', 16),
(70041, 11700, '2023-04-24', 70361023, '2023-05-10', NULL , 11),
(70042, 13500, '2023-04-25', 70558286, '2023-05-10', NULL, 12),
(70043, 14400, '2023-04-26', 74005863, '2023-05-10', NULL, 13),
(70044, 12600, '2023-04-27', 65196513, '2023-05-10', NULL, 14),
(70045, 11700, '2023-04-28', 89345799, '2023-05-11', NULL, 15),
(70046, 12600, '2023-04-29', 23498322, '2023-05-13', NULL , 16);



INSERT INTO wine_order_details (wine_order_details_id, units_ordered, sales_price, wine_order_id, wine_id)
VALUES(60001, 720, 16.25, 70001, 1),
(60002, 720, 18.75, 70002, 2),
(60003, 720, 20, 70003, 3),
(60004, 720, 17.5, 70004, 4),
(60005, 720, 16.25, 70005, 1),
(60006, 720, 17.5, 70006, 4),
(60007, 720, 16.25, 70007, 1),
(60008, 720, 18.75, 70008, 2),
(60009, 720, 20, 70009, 3),
(60010, 720, 17.5, 70010, 4),
(60011, 720, 16.25, 70011, 1),
(60012, 720, 17.5, 70012, 4),
(60013, 720, 16.25, 70013, 1),
(60014, 720, 18.75, 70014, 2),
(60015, 720, 17.5, 70015, 4),
(60016, 720, 16.25, 70016, 1),
(60017, 720, 17.5, 70017, 4),
(60018, 720, 16.25, 70018, 1),
(60019, 720, 18.75, 70019, 2),
(60020, 720, 20, 70020, 3),
(60021, 720, 17.5, 70021, 4),
(60022, 720, 16.25, 70022, 1),
(60023, 720, 17.5, 70023, 4),
(60024, 720, 16.25, 70024, 1),
(60025, 720, 18.75, 70025, 2),
(60026, 720, 20, 70026, 3),
(60027, 720, 17.5, 70027, 4),
(60028, 720, 16.25, 70028, 1),
(60029, 720, 17.5, 70029, 4),
(60030, 720, 16.25, 70030, 1),
(60031, 720, 18.75, 70031, 2),
(60032, 720, 20, 70032, 3),
(60033, 720, 17.5, 70033, 4),
(60034, 720, 16.25, 70034, 1),
(60035, 720, 17.5, 70035, 4),
(60036, 720, 16.25, 70036, 1),
(60037, 720, 18.75, 70037, 2),
(60038, 720, 17.5, 70038, 4),
(60039, 720, 16.25, 70039, 1),
(60040, 720, 17.5, 70040, 4),
(60041, 720, 16.25, 70041, 1),
(60042, 720, 18.75, 70042, 2),
(60043, 720, 20, 70043, 3),
(60044, 720, 17.5, 70044, 4),
(60045, 720, 16.25, 70045, 1),
(60046, 720, 17.5, 70046, 4);


INSERT INTO employees (employee_id, first_name, last_name, date_of_birth, phone_number, email_address, street_address, city, state, country, zip_code, hire_date, hourly_wage, job_title, employee_status)
    VALUES (501, 'Stan', 'Bacchus', '1985-12-08', '5558675309', 's.bacchus@bacchus.com', '323 Funny Money Ter.', 'Los Angeles', 'CA', 'USA', 47408, '2010-01-01', 55, 'Owner', 'active'),
    (502, 'Davis', 'Bacchus', '1985-12-08', '5558675309', 'd.bacchus@bacchus.com', '324 Funny Money Ter.', 'Los Angeles', 'CA', 'USA', 47408, '2020-01-01', 55, 'Owner', 'active'),
    (503, 'Janet', 'Collins', '1966-01-12', '5558889630', 'j.collins@bacchus.com', '9800 Pay The Bills Rd.', 'Seattle', 'WA', 'USA', 47407, '2003-01-11', 44, 'Head of Finance', 'active'),
    (504, 'Roz', 'Murphy', '1979-10-29', '5557978550', 'r.murphy@bacchus.com', '12114 Take a Sip Ave.', 'Austin', 'TX', 'USA', 47408, '2009-11-02', 43, 'Head of Marketing', 'active'),
    (505, 'Bob', 'Ulrich', '1992-09-22', '5554656858', 'b.ulrich@bacchus.com', '12115 Take a Sip Ave.', 'Santa Barbara', 'CA', 'USA', 47409, '2003-05-25', 29, 'Marketing Assistant', 'active'),
    (506, 'Henry', 'Doyle', '1988-11-10', '5557978454', 'h.doyle@bacchus.com', '411 Crushing Grapes Pl.', 'Napa', 'CA', 'USA', 47402, '2008-12-09', 41, 'Production Manager', 'active'),
    (507, 'Maria', 'Constanza', '1983-06-11', '5558671234', 'm.constanza@bacchus.com', '7457 W 6543 S', 'Santa Barbara', 'CA', 'USA', 47409, '2007-02-03', 42, 'Head of Distribution', 'active'),
    (508, 'Omega', 'Alpha', '2000-02-17', '5556543210', 'o.alpha@bacchus.com', '1227 Bacchus St.', 'Napa', 'CA', 'USA', 47405, '2011-01-01', 24, 'Laborer', 'active'),
    (509, 'Psi', 'Alpha', '1998-03-04', '5556543211', 'p.alpha@bacchus.com', '1228 Bacchus St.', 'Napa', 'CA', 'USA', 47405, '2011-01-01', 24, 'Laborer', 'active'),
    (510, 'Chi', 'Alpha', '1992-05-29', '5556543212', 'c.alpha@bacchus.com', '1229 Bacchus St.', 'Napa', 'CA', 'USA', 47405, '2011-01-01', 24, 'Laborer', 'active'),
    (511, 'Phi', 'Alpha', '2001-06-16', '5556543213', 'p.alpha2@bacchus.com', '1230 Bacchus St.', 'Napa', 'CA', 'USA', 47405, '2011-01-01', 24, 'Laborer', 'active'),
    (512, 'Upsilon', 'Alpha', '1991-08-15', '5556543214', 'u.alpha@bacchus.com', '1231 Bacchus St.', 'Napa', 'CA', 'USA', 47405, '2011-01-01', 24, 'Laborer', 'active'),
    (513, 'Tau', 'Beta', '1989-09-19', '5556543215', 't.beta@bacchus.com', '1232 Bacchus St.', 'Napa', 'CA', 'USA', 47405, '2012-02-02', 23, 'Laborer', 'active'),
    (514, 'Sigma', 'Beta', '2000-03-11', '5556543216', 's.beta@bacchus.com', '1233 Bacchus St.', 'Napa', 'CA', 'USA', 47405, '2012-02-02', 23, 'Laborer', 'active'),
    (515, 'Rho', 'Beta', '1979-04-23', '5556543217', 'r.beta@bacchus.com', '1234 Bacchus St.', 'Napa', 'CA', 'USA', 47405, '2012-02-02', 23, 'Laborer', 'active'),
    (516, 'Pi', 'Beta', '1988-07-02', '5556543218', 'p.beta@bacchus.com', '1235 Bacchus St.', 'Napa', 'CA', 'USA', 47405, '2012-02-02', 23, 'Laborer', 'active'),
    (517, 'Omicron', 'Beta', '1982-11-27', '5556543219', 'o.beta@bacchus.com', '1236 Bacchus St.', 'Napa', 'CA', 'USA', 47405, '2012-02-02', 23, 'Laborer', 'active'),
    (518, 'Xi', 'Gamma', '1989-05-19', '5556543220', 'x.gamma@bacchus.com', '1237 Bacchus St.', 'Napa', 'CA', 'USA', 47405, '2013-03-03', 23, 'Laborer', 'active'),
    (519, 'Nu', 'Gamma', '1989-02-22', '5556543221', 'n.gamma@bacchus.com', '1238 Bacchus St.', 'Napa', 'CA', 'USA', 47405, '2013-03-03', 23, 'Laborer', 'active'),
    (520, 'Mu', 'Gamma', '1998-12-25', '5556543222', 'm.gamma@bacchus.com', '1239 Bacchus St.', 'Napa', 'CA', 'USA', 47405, '2013-03-03', 22, 'Laborer', 'active'),
    (521, 'Lambda', 'Gamma', '1980-07-03', '5556543223', 'l.gamma@bacchus.com', '1240 Bacchus St.', 'Napa', 'CA', 'USA', 47405, '2013-03-03', 22, 'Laborer', 'active'),
    (522, 'Kappa', 'Gamma', '1997-03-06', '5556543224', 'k.gamma@bacchus.com', '1241 Bacchus St.', 'Napa', 'CA', 'USA', 47405, '2013-03-03', 22, 'Laborer', 'active'),
    (523, 'Iota', 'Delta', '1995-04-18', '5556543225', 'i.delta@bacchus.com', '1242 Bacchus St.', 'Napa', 'CA', 'USA', 47405, '2014-04-04', 22, 'Laborer', 'active'),
    (524, 'Theta', 'Delta', '1995-05-20', '5556543226', 't.delta@bacchus.com', '1243 Bacchus St.', 'Napa', 'CA', 'USA', 47405, '2014-04-04', 22, 'Laborer', 'active'),
    (525, 'Eta', 'Delta', '1996-01-11', '5556543227', 'e.delta@bacchus.com', '1244 Bacchus St.', 'Napa', 'CA', 'USA', 47405, '2014-04-04', 22, 'Laborer', 'active'),
    (526, 'Zeta', 'Delta', '1994-07-01', '5556543228', 'z.delta@bacchus.com', '1245 Bacchus St.', 'Napa', 'CA', 'USA', 47405, '2014-04-04', 22, 'Laborer', 'active'),
    (527, 'Epsilon', 'Delta', '1986-10-30', '5556543229', 'e.delta2@bacchus.com', '1246 Bacchus St.', 'Napa', 'CA', 'USA', 47405, '2014-04-04', 22, 'Laborer', 'active');


INSERT INTO timecards (timecard_id, date_posted, hours_worked_monthly, pto_hours, unpaid_time_taken, total_hours_worked, employee_id) 
   VALUES (1001, '2022-01-31', 160, 0, 0, 160, 501),
    (1002, '2022-01-31', 144, 16, 0, 160, 502),
    (1003, '2022-01-31', 180, 0, 0, 180, 503),
    (1004, '2022-01-31', 160, 0, 0, 160, 504),
    (1005, '2022-01-31', 176, 0, 0, 176, 505),
    (1006, '2022-01-31', 160, 0, 0, 160, 506),
    (1007, '2022-01-31', 120, 40, 0, 160, 507),
    (1008, '2022-01-31', 160, 0, 0, 160, 508),
    (1009, '2022-01-31', 160, 24, 0, 184, 509),
    (1010, '2022-01-31', 184, 0, 0, 184, 510),
    (1011, '2022-01-31', 160, 0, 0, 160, 511),
    (1012, '2022-01-31', 144, 0, 16, 184, 512),
    (1013, '2022-01-31', 120, 0, 40, 160, 513),
    (1014, '2022-01-31', 136, 0, 24, 136, 514),
    (1015, '2022-01-31', 160, 0, 0, 160, 515),
    (1016, '2022-01-31', 160, 0, 0, 160, 516),
    (1017, '2022-01-31', 144, 16, 0, 160, 517),
    (1018, '2022-01-31', 180, 0, 0, 180, 518),
    (1019, '2022-01-31', 160, 0, 0, 160, 519),
    (1020, '2022-01-31', 176, 0, 0, 176, 520),
    (1021, '2022-01-31', 160, 0, 0, 160, 521),
    (1022, '2022-01-31', 120, 40, 0, 160, 522),
    (1023, '2022-01-31', 160, 0, 0, 160, 523),
    (1024, '2022-01-31', 160, 24, 0, 184, 524),
    (1025, '2022-01-31', 184, 0, 0, 184, 525),
    (1026, '2022-01-31', 160, 0, 0, 160, 526),
    (1027, '2022-01-31', 160, 0, 0, 184, 527),
    (1028, '2022-02-28', 160, 0, 0, 160, 501),
    (1029, '2022-02-28', 136, 0, 24, 136, 502),
    (1030, '2022-02-28', 160, 0, 0, 160, 503),
    (1031, '2022-02-28', 160, 0, 0, 160, 504),
    (1032, '2022-02-28', 176, 0, 0, 176, 505),
    (1033, '2022-02-28', 160, 0, 0, 160, 506),
    (1034, '2022-02-28', 160, 0, 0, 160, 507),
    (1035, '2022-02-28', 144, 16, 0, 160, 508),
    (1036, '2022-02-28', 180, 0, 0, 180, 509),
    (1037, '2022-02-28', 160, 0, 0, 160, 510),
    (1038, '2022-02-28', 176, 0, 0, 176, 511),
    (1039, '2022-02-28', 160, 0, 0, 160, 512),
    (1040, '2022-02-28', 120, 40, 0, 160, 513),
    (1041, '2022-02-28', 160, 0, 0, 160, 514),
    (1042, '2022-02-28', 160, 24, 0, 184, 515),
    (1043, '2022-02-28', 184, 0, 0, 184, 516),
    (1044, '2022-02-28', 160, 0, 0, 160, 517),
    (1045, '2022-02-28', 144, 0, 16, 184, 518),
    (1046, '2022-02-28', 120, 0, 40, 160, 519),
    (1047, '2022-02-28', 136, 0, 24, 136, 520),
    (1048, '2022-02-28', 160, 0, 0, 160, 521),
    (1049, '2022-02-28', 160, 0, 0, 160, 522),
    (1050, '2022-02-28', 144, 16, 0, 160, 523),
    (1051, '2022-02-28', 180, 0, 0, 180, 524),
    (1052, '2022-02-28', 160, 0, 0, 160, 525),
    (1053, '2022-02-28', 176, 0, 0, 176, 526),
    (1054, '2022-02-28', 160, 0, 0, 160, 527),
    (1055, '2022-03-31', 120, 40, 0, 160, 501),
    (1056, '2022-03-31', 160, 0, 0, 160, 502),
    (1057, '2022-03-31', 160, 24, 0, 184, 503),
    (1058, '2022-03-31', 184, 0, 0, 184, 504),
    (1059, '2022-03-31', 160, 0, 0, 160, 505),
    (1060, '2022-03-31', 160, 0, 0, 184, 506),
    (1061, '2022-03-31', 160, 0, 0, 160, 507),
    (1062, '2022-03-31', 136, 0, 24, 136, 508),
    (1063, '2022-03-31', 160, 0, 0, 160, 509),
    (1064, '2022-03-31', 160, 0, 0, 160, 510),
    (1065, '2022-03-31', 176, 0, 0, 176, 511),
    (1066, '2022-03-31', 160, 0, 0, 160, 512),
    (1067, '2022-03-31', 160, 0, 0, 160, 513),
    (1068, '2022-03-31', 160, 24, 0, 184, 514),
    (1069, '2022-03-31', 184, 0, 0, 184, 515),
    (1070, '2022-03-31', 160, 0, 0, 160, 516),
    (1071, '2022-03-31', 144, 40, 0, 184, 517),
    (1072, '2022-03-31', 120, 40, 0, 160, 518),
    (1073, '2022-03-31', 180, 0, 0, 180, 519),
    (1074, '2022-03-31', 160, 0, 0, 160, 520),
    (1075, '2022-03-31', 176, 0, 0, 176, 521),
    (1076, '2022-03-31', 160, 0, 0, 160, 522),
    (1077, '2022-03-31', 160, 0, 0, 160, 523),
    (1078, '2022-03-31', 144, 16, 0, 160, 524),
    (1079, '2022-03-31', 180, 0, 0, 180, 525),
    (1080, '2022-03-31', 160, 0, 0, 160, 526),
    (1081, '2022-03-31', 176, 0, 0, 176, 527),
    (1082, '2022-04-30', 160, 0, 0, 160, 501),
    (1083, '2022-04-30', 120, 40, 0, 160, 502),
    (1084, '2022-04-30', 160, 0, 0, 160, 503),
    (1085, '2022-04-30', 160, 24, 0, 184, 504),
    (1086, '2022-04-30', 184, 0, 0, 184, 505),
    (1087, '2022-04-30', 160, 0, 0, 160, 506),
    (1088, '2022-04-30', 144, 0, 16, 184, 507),
    (1089, '2022-04-30', 120, 0, 40, 160, 508),
    (1090, '2022-04-30', 136, 0, 24, 136, 509),
    (1091, '2022-04-30', 160, 0, 0, 160, 510),
    (1092, '2022-04-30', 160, 0, 0, 160, 511),
    (1093, '2022-04-30', 144, 16, 0, 160, 512),
    (1094, '2022-04-30', 180, 0, 0, 180, 513),
    (1095, '2022-04-30', 160, 0, 0, 160, 514),
    (1096, '2022-04-30', 176, 0, 0, 176, 515),
    (1097, '2022-04-30', 160, 0, 0, 160, 516),
    (1098, '2022-04-30', 120, 40, 0, 160, 517),
    (1099, '2022-04-30', 160, 0, 0, 160, 518),
    (1100, '2022-04-30', 160, 24, 0, 184, 519),
    (1101, '2022-04-30', 184, 0, 0, 184, 520),
    (1102, '2022-04-30', 160, 0, 0, 160, 521),
    (1103, '2022-04-30', 160, 0, 0, 184, 522),
    (1104, '2022-04-30', 160, 0, 0, 160, 523),
    (1105, '2022-04-30', 136, 0, 24, 136, 524),
    (1106, '2022-04-30', 160, 0, 0, 160, 525),
    (1107, '2022-04-30', 160, 0, 0, 160, 526),
    (1108, '2022-04-30', 176, 0, 0, 176, 527),
    (1109, '2022-05-31', 160, 0, 0, 160, 501),
    (1110, '2022-05-31', 184, 0, 0, 184, 502),
    (1111, '2022-05-31', 160, 0, 0, 160, 503),
    (1112, '2022-05-31', 144, 40, 0, 184, 504),
    (1113, '2022-05-31', 160, 0, 0, 160, 505),
    (1114, '2022-05-31', 144, 16, 0, 160, 506),
    (1115, '2022-05-31', 180, 0, 0, 180, 507),
    (1116, '2022-05-31', 160, 0, 0, 160, 508),
    (1117, '2022-05-31', 176, 0, 0, 176, 509),
    (1118, '2022-05-31', 160, 0, 0, 160, 510),
    (1119, '2022-05-31', 120, 40, 0, 160, 511),
    (1120, '2022-05-31', 160, 0, 0, 160, 512),
    (1121, '2022-05-31', 160, 24, 0, 184, 513),
    (1122, '2022-05-31', 184, 0, 0, 184, 514),
    (1123, '2022-05-31', 160, 0, 0, 160, 515),
    (1124, '2022-05-31', 144, 0, 16, 184, 516),
    (1125, '2022-05-31', 120, 0, 40, 160, 517),
    (1126, '2022-05-31', 136, 0, 24, 136, 518),
    (1127, '2022-05-31', 160, 0, 0, 160, 519),
    (1128, '2022-05-31', 160, 0, 0, 160, 520),
    (1129, '2022-05-31', 144, 16, 0, 160, 521),
    (1130, '2022-05-31', 180, 0, 0, 180, 522),
    (1131, '2022-05-31', 160, 0, 0, 160, 523),
    (1132, '2022-05-31', 176, 0, 0, 176, 524),
    (1133, '2022-05-31', 160, 0, 0, 160, 525),
    (1134, '2022-05-31', 120, 40, 0, 160, 526),
    (1135, '2022-05-31', 160, 0, 0, 160, 527),
    (1136, '2022-06-30', 160, 24, 0, 184, 501),
    (1137, '2022-06-30', 184, 0, 0, 184, 502),
    (1138, '2022-06-30', 160, 0, 0, 160, 503),
    (1139, '2022-06-30', 160, 0, 0, 184, 504),
    (1140, '2022-06-30', 160, 0, 0, 160, 505),
    (1141, '2022-06-30', 136, 0, 24, 136, 506),
    (1142, '2022-06-30', 160, 0, 0, 160, 507),
    (1143, '2022-06-30', 160, 0, 0, 160, 508),
    (1144, '2022-06-30', 176, 0, 0, 176, 509),
    (1145, '2022-06-30', 160, 0, 0, 160, 510),
    (1146, '2022-06-30', 160, 0, 0, 160, 511),
    (1147, '2022-06-30', 176, 0, 0, 176, 512),
    (1148, '2022-06-30', 160, 0, 0, 160, 513),
    (1149, '2022-06-30', 120, 40, 0, 160, 514),
    (1150, '2022-06-30', 160, 0, 0, 160, 515),
    (1151, '2022-06-30', 160, 24, 0, 184, 516),
    (1152, '2022-06-30', 184, 0, 0, 184, 517),
    (1153, '2022-06-30', 160, 0, 0, 160, 518),
    (1154, '2022-06-30', 160, 0, 0, 160, 519),
    (1155, '2022-06-30', 144, 16, 0, 160, 520),
    (1156, '2022-06-30', 180, 0, 0, 180, 521),
    (1157, '2022-06-30', 160, 0, 0, 160, 522),
    (1158, '2022-06-30', 176, 0, 0, 176, 523),
    (1159, '2022-06-30', 160, 0, 0, 160, 524),
    (1160, '2022-06-30', 120, 40, 0, 160, 525),
    (1161, '2022-06-30', 160, 0, 0, 160, 526),
    (1162, '2022-06-30', 160, 24, 0, 184, 527),
    (1163, '2022-07-31', 184, 0, 0, 184, 501),
    (1164, '2022-07-31', 160, 0, 0, 160, 502),
    (1165, '2022-07-31', 144, 0, 16, 184, 503),
    (1166, '2022-07-31', 120, 0, 40, 160, 504),
    (1167, '2022-07-31', 136, 0, 24, 136, 505),
    (1168, '2022-07-31', 160, 0, 0, 160, 506),
    (1169, '2022-07-31', 160, 0, 0, 160, 507),
    (1170, '2022-07-31', 144, 16, 0, 160, 508),
    (1171, '2022-07-31', 180, 0, 0, 180, 509),
    (1172, '2022-07-31', 160, 0, 0, 160, 510),
    (1173, '2022-07-31', 176, 0, 0, 176, 511),
    (1174, '2022-07-31', 160, 0, 0, 160, 512),
    (1175, '2022-07-31', 120, 40, 0, 160, 513),
    (1176, '2022-07-31', 160, 0, 0, 160, 514),
    (1177, '2022-07-31', 160, 24, 0, 184, 515),
    (1178, '2022-07-31', 184, 0, 0, 184, 516),
    (1179, '2022-07-31', 160, 0, 0, 160, 517),
    (1180, '2022-07-31', 160, 0, 0, 184, 518),
    (1181, '2022-07-31', 160, 0, 0, 160, 519),
    (1182, '2022-07-31', 136, 0, 24, 136, 520),
    (1183, '2022-07-31', 160, 0, 0, 160, 521),
    (1184, '2022-07-31', 160, 0, 0, 160, 522),
    (1185, '2022-07-31', 176, 0, 0, 176, 523),
    (1186, '2022-07-31', 160, 0, 0, 160, 524),
    (1187, '2022-07-31', 160, 0, 0, 160, 525),
    (1188, '2022-07-31', 144, 16, 0, 160, 526),
    (1189, '2022-07-31', 180, 0, 0, 180, 527),
    (1190, '2022-08-31', 160, 0, 0, 160, 501),
    (1191, '2022-08-31', 176, 0, 0, 176, 502),
    (1192, '2022-08-31', 160, 0, 0, 160, 503),
    (1193, '2022-08-31', 120, 40, 0, 160, 504),
    (1194, '2022-08-31', 160, 0, 0, 160, 505),
    (1195, '2022-08-31', 160, 24, 0, 184, 506),
    (1196, '2022-08-31', 184, 0, 0, 184, 507),
    (1197, '2022-08-31', 160, 0, 0, 160, 508),
    (1198, '2022-08-31', 144, 0, 16, 184, 509),
    (1199, '2022-08-31', 120, 0, 40, 160, 510),
    (1200, '2022-08-31', 136, 0, 24, 136, 511),
    (1201, '2022-08-31', 160, 0, 0, 160, 512),
    (1202, '2022-08-31', 160, 0, 0, 160, 513),
    (1203, '2022-08-31', 144, 16, 0, 160, 514),
    (1204, '2022-08-31', 180, 0, 0, 180, 515),
    (1205, '2022-08-31', 160, 0, 0, 160, 516),
    (1206, '2022-08-31', 176, 0, 0, 176, 517),
    (1207, '2022-08-31', 160, 0, 0, 160, 518),
    (1208, '2022-08-31', 120, 40, 0, 160, 519),
    (1209, '2022-08-31', 160, 0, 0, 160, 520),
    (1210, '2022-08-31', 160, 24, 0, 184, 521),
    (1211, '2022-08-31', 184, 0, 0, 184, 522),
    (1212, '2022-08-31', 160, 0, 0, 160, 523),
    (1213, '2022-08-31', 160, 0, 0, 184, 524),
    (1214, '2022-08-31', 160, 0, 0, 160, 525),
    (1215, '2022-08-31', 136, 0, 24, 136, 526),
    (1216, '2022-08-31', 160, 0, 0, 160, 527),
    (1217, '2022-09-30', 160, 0, 0, 160, 501),
    (1218, '2022-09-30', 176, 0, 0, 176, 502),
    (1219, '2022-09-30', 160, 0, 0, 160, 503),
    (1220, '2022-09-30', 160, 0, 0, 160, 504),
    (1221, '2022-09-30', 160, 0, 0, 160, 505),
    (1222, '2022-09-30', 144, 40, 0, 184, 506),
    (1223, '2022-09-30', 160, 0, 0, 160, 507),
    (1224, '2022-09-30', 144, 16, 0, 160, 508),
    (1225, '2022-09-30', 180, 0, 0, 180, 509),
    (1226, '2022-09-30', 160, 0, 0, 160, 510),
    (1227, '2022-09-30', 176, 0, 0, 176, 511),
    (1228, '2022-09-30', 160, 0, 0, 160, 512),
    (1229, '2022-09-30', 120, 40, 0, 160, 513),
    (1230, '2022-09-30', 160, 0, 0, 160, 514),
    (1231, '2022-09-30', 160, 24, 0, 184, 515),
    (1232, '2022-09-30', 184, 0, 0, 184, 516),
    (1233, '2022-09-30', 160, 0, 0, 160, 517),
    (1234, '2022-09-30', 144, 0, 16, 184, 518),
    (1235, '2022-09-30', 120, 0, 40, 160, 519),
    (1236, '2022-09-30', 136, 0, 24, 136, 520),
    (1237, '2022-09-30', 160, 0, 0, 160, 521),
    (1238, '2022-09-30', 160, 0, 0, 160, 522),
    (1239, '2022-09-30', 144, 16, 0, 160, 523),
    (1240, '2022-09-30', 180, 0, 0, 180, 524),
    (1241, '2022-09-30', 160, 0, 0, 160, 525),
    (1242, '2022-09-30', 176, 0, 0, 176, 526),
    (1243, '2022-09-30', 160, 0, 0, 160, 527),
    (1244, '2022-10-31', 120, 40, 0, 160, 501),
    (1245, '2022-10-31', 160, 0, 0, 160, 502),
    (1246, '2022-10-31', 160, 24, 0, 184, 503),
    (1247, '2022-10-31', 184, 0, 0, 184, 504),
    (1248, '2022-10-31', 160, 0, 0, 160, 505),
    (1249, '2022-10-31', 160, 0, 0, 184, 506),
    (1250, '2022-10-31', 160, 0, 0, 160, 507),
    (1251, '2022-10-31', 136, 0, 24, 136, 508),
    (1252, '2022-10-31', 160, 0, 0, 160, 509),
    (1253, '2022-10-31', 160, 0, 0, 160, 510),
    (1254, '2022-10-31', 176, 0, 0, 176, 511),
    (1255, '2022-10-31', 160, 0, 0, 160, 512),
    (1256, '2022-10-31', 160, 0, 0, 160, 513),
    (1257, '2022-10-31', 120, 40, 0, 160, 514),
    (1258, '2022-10-31', 160, 0, 0, 160, 515),
    (1259, '2022-10-31', 160, 24, 0, 184, 516),
    (1260, '2022-10-31', 184, 0, 0, 184, 517),
    (1261, '2022-10-31', 160, 0, 0, 160, 518),
    (1262, '2022-10-31', 144, 40, 0, 184, 519),
    (1263, '2022-10-31', 136, 0, 24, 136, 520),
    (1264, '2022-10-31', 160, 0, 0, 160, 521),
    (1265, '2022-10-31', 160, 0, 0, 160, 522),
    (1266, '2022-10-31', 144, 16, 0, 160, 523),
    (1267, '2022-10-31', 180, 0, 0, 180, 524),
    (1268, '2022-10-31', 160, 0, 0, 160, 525),
    (1269, '2022-10-31', 176, 0, 0, 176, 526),
    (1270, '2022-10-31', 160, 0, 0, 160, 527),
    (1271, '2022-11-30', 120, 40, 0, 160, 501),
    (1272, '2022-11-30', 160, 0, 0, 160, 502),
    (1273, '2022-11-30', 160, 24, 0, 184, 503),
    (1274, '2022-11-30', 184, 0, 0, 184, 504),
    (1275, '2022-11-30', 160, 0, 0, 160, 505),
    (1276, '2022-11-30', 160, 0, 0, 160, 506),
    (1277, '2022-11-30', 144, 16, 0, 160, 507),
    (1278, '2022-11-30', 180, 0, 0, 180, 508),
    (1279, '2022-11-30', 160, 0, 0, 160, 509),
    (1280, '2022-11-30', 176, 0, 0, 176, 510),
    (1281, '2022-11-30', 160, 0, 0, 160, 511),
    (1282, '2022-11-30', 120, 40, 0, 160, 512),
    (1283, '2022-11-30', 160, 0, 0, 160, 513),
    (1284, '2022-11-30', 160, 24, 0, 184, 514),
    (1285, '2022-11-30', 184, 0, 0, 184, 515),
    (1286, '2022-11-30', 160, 0, 0, 160, 516),
    (1287, '2022-11-30', 144, 0, 16, 184, 517),
    (1288, '2022-11-30', 120, 0, 40, 160, 518),
    (1289, '2022-11-30', 136, 0, 24, 136, 519),
    (1290, '2022-11-30', 160, 0, 0, 160, 520),
    (1291, '2022-11-30', 160, 0, 0, 160, 521),
    (1292, '2022-11-30', 144, 16, 0, 160, 522),
    (1293, '2022-11-30', 180, 0, 0, 180, 523),
    (1294, '2022-11-30', 160, 0, 0, 160, 524),
    (1295, '2022-11-30', 176, 0, 0, 176, 525),
    (1296, '2022-11-30', 160, 0, 0, 160, 526),
    (1297, '2022-11-30', 120, 40, 0, 160, 527),
    (1298, '2022-12-31', 160, 0, 0, 160, 501),
    (1299, '2022-12-31', 160, 24, 0, 184, 502),
    (1300, '2022-12-31', 184, 0, 0, 184, 503),
    (1301, '2022-12-31', 160, 0, 0, 160, 504),
    (1302, '2022-12-31', 160, 0, 0, 184, 505),
    (1303, '2022-12-31', 160, 0, 0, 160, 506),
    (1304, '2022-12-31', 136, 0, 24, 136, 507),
    (1305, '2022-12-31', 160, 0, 0, 160, 508),
    (1306, '2022-12-31', 160, 0, 0, 160, 509),
    (1307, '2022-12-31', 176, 0, 0, 176, 510),
    (1308, '2022-12-31', 160, 0, 0, 160, 511),
    (1309, '2022-12-31', 144, 40, 0, 184, 512),
    (1310, '2022-12-31', 120, 40, 0, 160, 513),
    (1311, '2022-12-31', 136, 0, 24, 136, 514),
    (1312, '2022-12-31', 160, 0, 0, 160, 515),
    (1313, '2022-12-31', 160, 0, 0, 160, 516),
    (1314, '2022-12-31', 176, 0, 0, 176, 517),
    (1315, '2022-12-31', 160, 0, 0, 160, 518),
    (1316, '2022-12-31', 120, 40, 0, 160, 519),
    (1317, '2022-12-31', 160, 0, 0, 160, 520),
    (1318, '2022-12-31', 144, 16, 0, 160, 521),
    (1319, '2022-12-31', 180, 0, 0, 180, 522),
    (1320, '2022-12-31', 160, 0, 0, 160, 523),
    (1321, '2022-12-31', 176, 0, 0, 176, 524),
    (1322, '2022-12-31', 160, 0, 0, 160, 525),
    (1323, '2022-12-31', 120, 40, 0, 160, 526),
    (1324, '2022-12-31', 160, 0, 0, 160, 527),
    (1325, '2023-01-31', 160, 24, 0, 184, 501),
    (1326, '2023-01-31', 184, 0, 0, 184, 502),
    (1327, '2023-01-31', 160, 0, 0, 160, 503),
    (1328, '2023-01-31', 144, 0, 16, 184, 504),
    (1329, '2023-01-31', 120, 0, 40, 160, 505),
    (1330, '2023-01-31', 136, 0, 24, 136, 506),
    (1331, '2023-01-31', 160, 0, 0, 160, 507),
    (1332, '2023-01-31', 160, 0, 0, 160, 508),
    (1333, '2023-01-31', 144, 16, 0, 160, 509),
    (1334, '2023-01-31', 180, 0, 0, 180, 510),
    (1335, '2023-01-31', 160, 0, 0, 160, 511),
    (1336, '2023-01-31', 176, 0, 0, 176, 512),
    (1337, '2023-01-31', 160, 0, 0, 160, 513),
    (1338, '2023-01-31', 120, 40, 0, 160, 514),
    (1339, '2023-01-31', 160, 0, 0, 160, 515),
    (1340, '2023-01-31', 160, 24, 0, 184, 516),
    (1341, '2023-01-31', 184, 0, 0, 184, 517),
    (1342, '2023-01-31', 160, 0, 0, 160, 518),
    (1343, '2023-01-31', 160, 0, 0, 184, 519),
    (1344, '2023-01-31', 160, 0, 0, 160, 520),
    (1345, '2023-01-31', 136, 0, 24, 136, 521),
    (1346, '2023-01-31', 160, 0, 0, 160, 522),
    (1347, '2023-01-31', 160, 0, 0, 160, 523),
    (1348, '2023-01-31', 176, 0, 0, 176, 524),
    (1349, '2023-01-31', 160, 0, 0, 160, 525),
    (1350, '2023-01-31', 160, 0, 0, 160, 526),
    (1351, '2023-01-31', 120, 40, 0, 160, 527),
    (1352, '2023-02-28', 160, 0, 0, 160, 501),
    (1353, '2023-02-28', 160, 24, 0, 184, 502),
    (1354, '2023-02-28', 184, 0, 0, 184, 503),
    (1355, '2023-02-28', 160, 0, 0, 160, 504),
    (1356, '2023-02-28', 160, 0, 0, 160, 505),
    (1357, '2023-02-28', 144, 16, 0, 160, 506),
    (1358, '2023-02-28', 180, 0, 0, 180, 507),
    (1359, '2023-02-28', 160, 0, 0, 160, 508),
    (1360, '2023-02-28', 176, 0, 0, 176, 509),
    (1361, '2023-02-28', 160, 0, 0, 160, 510),
    (1362, '2023-02-28', 120, 40, 0, 160, 511),
    (1363, '2023-02-28', 160, 0, 0, 160, 512),
    (1364, '2023-02-28', 160, 24, 0, 184, 513),
    (1365, '2023-02-28', 184, 0, 0, 184, 514),
    (1366, '2023-02-28', 160, 0, 0, 160, 515),
    (1367, '2023-02-28', 144, 0, 16, 184, 516),
    (1368, '2023-02-28', 120, 0, 40, 160, 517),
    (1369, '2023-02-28', 136, 0, 24, 136, 518),
    (1370, '2023-02-28', 160, 0, 0, 160, 519),
    (1371, '2023-02-28', 160, 0, 0, 160, 520),
    (1372, '2023-02-28', 144, 16, 0, 160, 521),
    (1373, '2023-02-28', 180, 0, 0, 180, 522),
    (1374, '2023-02-28', 160, 0, 0, 160, 523),
    (1375, '2023-02-28', 176, 0, 0, 176, 524),
    (1376, '2023-02-28', 160, 0, 0, 160, 525),
    (1377, '2023-02-28', 120, 40, 0, 160, 526),
    (1378, '2023-02-28', 160, 0, 0, 160, 527),
    (1379, '2023-03-31', 160, 24, 0, 184, 501),
    (1380, '2023-03-31', 184, 0, 0, 184, 502),
    (1381, '2023-03-31', 160, 0, 0, 160, 503),
    (1382, '2023-03-31', 160, 0, 0, 184, 504),
    (1383, '2023-03-31', 160, 0, 0, 160, 505),
    (1384, '2023-03-31', 136, 0, 24, 136, 506),
    (1385, '2023-03-31', 160, 0, 0, 160, 507),
    (1386, '2023-03-31', 160, 0, 0, 160, 508),
    (1387, '2023-03-31', 176, 0, 0, 176, 509),
    (1388, '2023-03-31', 160, 0, 0, 160, 510),
    (1389, '2023-03-31', 160, 0, 0, 160, 511),
    (1390, '2023-03-31', 160, 0, 0, 160, 512),
    (1391, '2023-03-31', 144, 16, 0, 160, 513),
    (1392, '2023-03-31', 180, 0, 0, 180, 514),
    (1393, '2023-03-31', 160, 0, 0, 160, 515),
    (1394, '2023-03-31', 176, 0, 0, 176, 516),
    (1395, '2023-03-31', 160, 0, 0, 160, 517),
    (1396, '2023-03-31', 120, 40, 0, 160, 518),
    (1397, '2023-03-31', 160, 0, 0, 160, 519),
    (1398, '2023-03-31', 160, 24, 0, 184, 520),
    (1399, '2023-03-31', 184, 0, 0, 184, 521),
    (1400, '2023-03-31', 160, 0, 0, 160, 522),
    (1401, '2023-03-31', 144, 0, 16, 184, 523),
    (1402, '2023-03-31', 120, 0, 40, 160, 524),
    (1403, '2023-03-31', 136, 0, 24, 136, 525),
    (1404, '2023-03-31', 160, 0, 0, 160, 526),
    (1405, '2023-03-31', 160, 0, 0, 160, 527),
    (1406, '2023-04-30', 144, 16, 0, 160, 501),
    (1407, '2023-04-30', 180, 0, 0, 180, 502),
    (1408, '2023-04-30', 160, 0, 0, 160, 503),
    (1409, '2023-04-30', 176, 0, 0, 176, 504),
    (1410, '2023-04-30', 160, 0, 0, 160, 505),
    (1411, '2023-04-30', 120, 40, 0, 160, 506),
    (1412, '2023-04-30', 160, 0, 0, 160, 507),
    (1413, '2023-04-30', 160, 24, 0, 184, 508),
    (1414, '2023-04-30', 184, 0, 0, 184, 509),
    (1415, '2023-04-30', 160, 0, 0, 160, 510),
    (1416, '2023-04-30', 160, 0, 0, 184, 511),
    (1417, '2023-04-30', 160, 0, 0, 160, 512),
    (1418, '2023-04-30', 136, 0, 24, 136, 513),
    (1419, '2023-04-30', 160, 0, 0, 160, 514),
    (1420, '2023-04-30', 160, 0, 0, 160, 515),
    (1421, '2023-04-30', 176, 0, 0, 176, 516),
    (1422, '2023-04-30', 160, 0, 0, 160, 517),
    (1423, '2023-04-30', 160, 0, 0, 160, 518),
    (1424, '2023-04-30', 136, 0, 24, 136, 519),
    (1425, '2023-04-30', 160, 0, 0, 160, 520),
    (1426, '2023-04-30', 160, 0, 0, 160, 521),
    (1427, '2023-04-30', 176, 0, 0, 176, 522),
    (1428, '2023-04-30', 160, 0, 0, 160, 523),
    (1429, '2023-04-30', 136, 0, 24, 136, 524),
    (1430, '2023-04-30', 160, 0, 0, 160, 525),
    (1431, '2023-04-30', 160, 0, 0, 160, 526),
    (1432, '2023-04-30', 176, 0, 0, 176, 527);


    
